"Style";"Price";"Rating";"Size";"Season";"NeckLine";"SleeveLength";"waiseline";"Material";"FabricType";"Decoration";"Pattern";"Class"
"casual";"low";4,4;"free";"summer";"o-neck";"sleevless";"natural";"cotton";"jersey";"beading";"animal";"1"
"party";"high";4,7;"m";"winter";"sweetheart";"sleevless";"natural";"polyster";"chiffon";"pearls";"striped";"1"
"casual";"average";4,6;"l";"summer";"bowneck";"full";"dropped";"cotton";"chiffon";"lace";"patchwork";"1"
"vintage";"low";4;"free";"summer";"turndowncollor";"short";"natural";"cotton";"wollen";"hollowout";"solid";"1"
"casual";"low";4,8;"free";"spring";"o-neck";"full";"natural";"cotton";"worsted";"lace";"solid";"1"
"work";"average";4,6;"l";"summer";"slash-neck";"short";"natural";"cotton";"chiffon";"applique";"solid";"1"
"party";"high";4,7;"m";"winter";"sweetheart";"sleeveless";"natural";"cotton";"chiffon";"flowers";"solid";"1"
"brief";"average";4,9;"xl";"spring";"slash-neck";"full";"natural";"cotton";"broadcloth";"sashes";"solid";"1"
"sexy";"average";4,9;"free";"summer";"sqare-collor";"sleevless";"natural";"polyster";"chiffon";"sashes";"print";"1"
"sexy";"average";4,6;"m";"winter";"o-neck";"full";"natural";"polyster";"broadcloth";"applique";"patchwork";"2"
"bohemian";"average";4,8;"l";"winter";"o-neck";"sleevless";"natural";"polyster";"chiffon";"ruffles";"solid";"1"
"casual";"low";4,7;"free";"autumn";"peterpan-collor";"threequarter";"empire";"polyster";"knitting";"bow";"solid";"1"
"casual";"low";4,5;"free";"summer";"o-neck";"full";"natural";"cotton";"chiffon";"button";"solid";"1"
"casual";"low";4,7;"s";"summer";"o-neck";"full";"natural";"cotton";"chiffon";"sashes";"patchwork";"1"
"casual";"low";4,6;"free";"autumn";"o-neck";"halfsleeve";"natural";"chiffonfabric";"chiffon";"lace";"leapord";"2"
"cute";"average";4,7;"m";"summer";"o-neck";"sleevless";"natural";"chiffonfabric";"jersey";"sashes";"splice";"1"
"casual";"high";4,9;"l";"winter";"v-neck";"thressqatar";"natural";"polyster";"broadcloth";"ruffles";"solid";"2"
"sexy";"average";4,5;"m";"spring";"o-neck";"threequarter";"natural";"polyster";"worsted";"lace";"geometric";"1"
"casual";"high";4,6;"m";"summer";"sweetheart";"sleevless";"empire";"cotton";"chiffon";"beading";"dot";"2"
"cute";"low";4,5;"m";"summer";"o-neck";"butterfly";"natural";"chiffonfabric";"chiffon";"bow";"dot";"1"
"vintage";"average";4,5;"l";"winter";"o-neck";"short";"empire";"polyster";"chiffon";"sequined";"patchwork";"2"
"vintage";"average";4,9;"free";"summer";"o-neck";"urndowncollor";"empire";"mix";"chiffon";"bow";"striped";"1"
"casual";"average";4,6;"free";"autumn";"o-neck";"sleevless";"natural";"polyster";"chiffon";"sashes";"solid";"2"
"casual";"medium";4,8;"m";"winter";"peterpan-collor";"short";"natural";"polyster";"chiffon";"lace";"patchwork";"1"
"casual";"low";5;"m";"spring";"o-neck";"sleevless";"natural";"silk";"chiffon";"applique";"solid";"2"
"sexy";"low";4,7;"free";"summer";"v-neck";"sleevless";"empire";"cotton";"chiffon";"lace";"solid";"1"
"work";"average";4,6;"l";"spring";"o-neck";"short";"empire";"cotton";"jersey";"sashes";"patchwork";"1"
"sexy";"average";4,8;"l";"spring";"v-neck";"threequarter";"empire";"polyster";"chiffon";"lace";"geometric";"1"
"casual";"low";5;"m";"summer";"v-neck";"sleevless";"empire";"polyster";"chiffon";"ruffles";"animal";"1"
"sexy";"average";4,3;"free";"autumn";"o-neck";"full";"natural";"polyster";"sattin";"hollowout";"solid";"1"
"cute";"average";5;"m";"autumn";"v-neck";"sleevless";"natural";"cotton";"shiffon";"beading";"solid";"1"
"party";"average";5;"m";"spring";"sweetheart";"sleevless";"natural";"polyster";"chiffon";"sequined";"solid";"2"
"casual";"medium";4,5;"s";"winter";"o-neck";"full";"natural";"polyster";"chiffon";"flowers";"patchwork";"2"
"casual";"low";4;"free";"summer";"v-neck";"sleevless";"natural";"cotton";"broadcloth";"hollowout";"print";"1"
"casual";"low";4,3;"s";"autumn";"o-neck";"full";"natural";"polyster";"worsted";"beading";"solid";"2"
"sexy";"low";4,8;"free";"summer";"slash-neck";"sleevless";"empire";"silk";"chiffon";"lace";"solid";"1"
"cute";"high";4,4;"m";"spring";"v-neck";"full";"natural";"rayon";"chiffon";"lace";"solid";"2"
"casual";"average";5;"s";"spring";"turndowncollor";"full";"empire";"cotton";"worsted";"applique";"solid";"1"
"casual";"low";4,6;"m";"summer";"v-neck";"full";"natural";"acrylic";"chiffon";"lace";"solid";"1"
"casual";"average";5;"s";"summer";"o-neck";"sleevless";"empire";"cotton";"worsted";"sashes";"solid";"1"
"bohemian";"average";4;"free";"winter";"o-neck";"sleevless";"natural";"polyster";"chiffon";"ruffles";"striped";"1"
"party";"average";5;"free";"summer";"v-neck";"sleevless";"natural";"polyster";"satin";"ruffles";"solid";"1"
"brief";"low";4,7;"free";"autumn";"o-neck";"sleevless";"natural";"rayon";"shiffon";"sequined";"solid";"1"
"casual";"low";5;"free";"spring";"v-neck";"full";"natural";"cotton";"chiffon";"lace";"solid";"2"
"casual";"average";5;"m";"autumn";"v-neck";"short";"natural";"cotton";"broadcloth";"beading";"solid";"1"
"casual";"low";4,7;"l";"summer";"open";"sleevless";"natural";"cotton";"chiffon";"sequined";"solid";"2"
"casual";"average";4,5;"free";"spring";"o-neck";"short";"natural";"cotton";"chiffon";"hollowout";"plaid";"1"
"work";"average";4,9;"m";"summer";"sqare-collor";"halfsleeve";"empire";"polyster";"sattin";"sashes";"print";"1"
"cute";"low";4,9;"m";"autumn";"o-neck";"short";"natural";"chiffonfabric";"chiffon";"bow";"dot";"1"
"casual";"average";4,8;"free";"summer";"o-neck";"sleevless";"natural";"cotton";"chiffon";"sashes";"solid";"1"
"casual";"low";1;"m";"spring";"o-neck";"halfsleeve";"natural";"rayon";"chiffon";"ruffles";"print";"1"
"work";"average";4,6;"m";"autumn";"slash-neck";"sleevless";"natural";"polyster";"chiffon";"bow";"patchwork";"1"
"cute";"average";4,7;"l";"summer";"o-neck";"sleevless";"natural";"polyster";"broadcloth";"lace";"solid";"1"
"cute";"low";4,7;"l";"spring";"o-neck";"sleevless";"empire";"chiffonfabric";"chiffon";"bow";"dot";"2"
"casual";"low";4,6;"free";"autumn";"o-neck";"full";"natural";"rayon";"chiffon";"lace";"solid";"2"
"casual";"average";4,7;"s";"spring";"o-neck";"halfsleeve";"empire";"polyster";"chiffon";"sashes";"print";"2"
"party";"average";5;"m";"spring";"v-neck";"sleevless";"natural";"cotton";"chiffon";"beading";"geometric";"2"
"sexy";"low";4,7;"m";"winter";"slash-neck";"sleevless";"natural";"nylon";"chiffon";"sashes";"solid";"2"
"cute";"low";4,5;"free";"winter";"o-neck";"sleevless";"natural";"polyster";"chiffon";"flowers";"patchwork";"1"
"casual";"low";4,5;"free";"autumn";"v-neck";"short";"natural";"silk";"worsted";"lace";"solid";"1"
"casual";"low";5;"m";"summer";"boat-neck";"short";"empire";"cotton";"knitting";"sashes";"solid";"1"
"casual";"low";4,7;"free";"spring";"o-neck";"short";"natural";"cotton";"broadcloth";"hollowout";"solid";"1"
"casual";"average";5;"m";"autumn";"o-neck";"short";"empire";"polyster";"chiffon";"applique";"print";"1"
"vintage";"average";4,8;"m";"summer";"o-neck";"short";"empire";"cotton";"jersey";"lace";"animal";"2"
"work";"average";4,7;"m";"spring";"v-neck";"sleevless";"natural";"cotton";"chiffon";"none";"solid";"2"
"sexy";"low";4,8;"free";"spring";"v-neck";"sleevless";"empire";"cotton";"chiffon";"sequined";"solid";"2"
"cute";"average";4,4;"free";"spring";"sweetheart";"sleevless";"empire";"spandex";"tulle";"ruched";"solid";"2"
"casual";"medium";5;"free";"winter";"bowneck";"full";"empire";"cashmere";"knitted";"applique";"solid";"2"
"casual";"low";4,6;"free";"winter";"o-neck";"full";"natural";"polyster";"chiffon";"applique";"solid";"1"
"work";"average";5;"m";"summer";"o-neck";"sleveless";"natural";"microfiber";"chiffon";"beading";"solid";"2"
"bohemian";"low";4,7;"free";"winter";"o-neck";"short";"natural";"nylon";"worsted";"sashes";"print";"1"
"casual";"low";4,5;"free";"spring";"v-neck";"sleevless";"natural";"cotton";"chiffon";"none";"print";"1"
"cute";"medium";4,9;"s";"summer";"bowneck";"sleevless";"empire";"cotton";"sattin";"bow";"patchwork";"2"
"sexy";"low";4,8;"free";"spring";"slash-neck";"sleevless";"natural";"cotton";"broadcloth";"sequined";"solid";"1"
"party";"average";4,4;"free";"autumn";"v-neck";"threequarter";"natural";"cotton";"chiffon";"sashes";"solid";"1"
"casual";"average";4,6;"m";"winter";"v-neck";"full";"natural";"chiffonfabric";"chiffon";"applique";"dot";"1"
"sexy";"average";4,5;"s";"winter";"v-neck";"sleevless";"empire";"polyster";"chiffon";"lace";"solid";"1"
"casual";"average";4,8;"m";"spring";"o-neck";"sleevless";"natural";"silk";"chiffon";"beading";"print";"1"
"casual";"low";4,7;"l";"summer";"o-neck";"full";"natural";"mix";"worsted";"lace";"patchwork";"2"
"sexy";"average";5;"m";"summer";"o-neck";"sleeveless";"natural";"polyster";"broadcloth";"rivet";"solid";"1"
"casual";"average";4,6;"m";"winter";"v-neck";"halfsleeve";"natural";"silk";"chiffon";"sashes";"solid";"2"
"casual";"low";4,6;"s";"spring";"o-neck";"full";"natural";"cotton";"chiffon";"pockets";"solid";"2"
"sexy";"low";4,2;"free";"winter";"v-neck";"sleevless";"empire";"cotton";"chiffon";"lace";"solid";"2"
"casual";"average";4,8;"free";"summer";"o-neck";"sleevless";"natural";"polyster";"chiffon";"lace";"animal";"1"
"cute";"high";4,7;"m";"winter";"o-neck";"threequarter";"empire";"silk";"chiffon";"lace";"patchwork";"1"
"bohemian";"low";4,4;"l";"summer";"bowneck";"short";"natural";"cotton";"chiffon";"lace";"dot";"1"
"casual";"low";4,7;"m";"autumn";"o-neck";"full";"natural";"cotton";"chiffon";"lace";"solid";"1"
"work";"medium";4,6;"l";"winter";"sqare-collor";"short";"empire";"cotton";"chiffon";"tiered";"solid";"1"
"cute";"medium";4,6;"free";"spring";"o-neck";"short";"natural";"chiffonfabric";"chiffon";"hollowout";"solid";"2"
"party";"very-high";4,9;"m";"spring";"sweetheart";"sleevless";"natural";"silk";"chiffon";"beading";"solid";"2"
"sexy";"low";4,7;"free";"summer";"turndowncollor";"sleevless";"natural";"cotton";"broadcloth";"beading";"solid";"2"
"casual";"low";4,8;"free";"summer";"o-neck";"sleevless";"natural";"cotton";"chiffon";"hollowout";"print";"2"
"casual";"low";4,4;"free";"summer";"turndowncollor";"sleevless";"natural";"cotton";"chiffon";"beading";"solid";"1"
"casual";"average";4,8;"l";"autumn";"o-neck";"short";"natural";"cashmere";"chiffon";"lace";"solid";"1"
"casual";"average";4,5;"xl";"summer";"o-neck";"full";"natural";"cotton";"worsted";"applique";"solid";"1"
"casual";"low";5;"m";"spring";"o-neck";"sleeevless";"natural";"chiffonfabric";"chiffon";"applique";"solid";"2"
"casual";"average";4,9;"l";"spring";"boat-neck";"sleevless";"natural";"cotton";"chiffon";"applique";"patchwork";"2"
"brief";"average";4,6;"m";"winter";"peterpan-collor";"threequarter";"empire";"cotton";"chiffon";"sashes";"solid";"1"
"sexy";"average";4,7;"m";"winter";"o-neck";"short";"natural";"polyster";"chiffon";"lace";"solid";"1"
"flare";"average";4,6;"free";"spring";"v-neck";"short";"empire";"cotton";"broadcloth";"beading";"solid";"2"
"vintage";"average";4,8;"l";"winter";"o-neck";"sleevless";"natural";"cotton";"chiffon";"beading";"patchwork";"1"
"casual";"average";4,5;"m";"summer";"o-neck";"full";"natural";"cotton";"chiffon";"lace";"solid";"1"
"fashion";"average";4;"free";"summer";"open";"full";"natural";"cotton";"chiffon";"sequined";"solid";"1"
"casual";"low";4,4;"free";"summer";"o-neck";"full";"natural";"cotton";"chiffon";"pockets";"solid";"1"
"novelty";"average";4,7;"free";"summer";"o-neck";"full";"natural";"cotton";"sattin";"hollowout";"solid";"1"
"casual";"low";4,6;"m";"summer";"o-neck";"sleevless";"natural";"cotton";"broadcloth";"sashes";"striped";"1"
"casual";"low";4,5;"free";"summer";"v-neck";"halfsleeve";"natural";"silk";"broadcloth";"applique";"solid";"1"
"casual";"low";4,8;"m";"winter";"v-neck";"sleevless";"natural";"polyster";"chiffon";"hollowout";"print";"1"
"casual";"low";4,7;"m";"summer";"o-neck";"sleevless";"empire";"milksilk";"chiffon";"lace";"solid";"1"
"party";"high";4,5;"l";"summer";"v-neck";"full";"natural";"polyster";"broadcloth";"ruffles";"solid";"2"
"party";"very-high";4,6;"free";"summer";"o-neck";"sleevless";"empire";"rayon";"chiffon";"hollowout";"solid";"1"
"cute";"average";4,3;"l";"winter";"o-neck";"sleevless";"natural";"polyster";"chiffon";"lace";"solid";"1"
"brief";"average";4,6;"free";"winter";"o-neck";"full";"natural";"mix";"broadcloth";"sashes";"solid";"1"
"sexy";"low";4,6;"m";"summer";"o-neck";"sleevless";"empire";"cotton";"chiffon";"ruffles";"animal";"2"
"party";"high";4,5;"m";"winter";"o-neck";"sleevless";"natural";"polyster";"chiffon";"lace";"solid";"2"
"casual";"medium";4,9;"l";"spring";"sqare-collor";"sleevless";"empire";"rayon";"chiffon";"beading";"print";"1"
"casual";"average";4,5;"xl";"winter";"v-neck";"short";"empire";"polyster";"shiffon";"pockets";"solid";"2"
"casual";"low";4,4;"free";"winter";"o-neck";"halfsleeve";"natural";"polyster";"worsted";"lace";"patchwork";"2"
"cute";"average";4,6;"m";"spring";"o-neck";"halfsleeve";"natural";"acrylic";"chiffon";"beading";"solid";"1"
"casual";"average";4,9;"s";"winter";"turndowncollor";"full";"natural";"cotton";"broadcloth";"hollowout";"solid";"2"
"casual";"low";4,3;"free";"summer";"backless";"sleevless";"empire";"chiffonfabric";"chiffon";"crystal";"solid";"1"
"casual";"average";4,7;"m";"summer";"o-neck";"thressqatar";"natural";"chiffonfabric";"chiffon";"ruched";"solid";"1"
"bohemian";"average";5;"m";"spring";"slash-neck";"sleevless";"empire";"chiffonfabric";"chiffon";"ruffles";"solid";"2"
"sexy";"low";4,8;"free";"spring";"v-neck";"sleevless";"natural";"cotton";"chiffon";"sashes";"striped";"2"
"vintage";"high";4,6;"l";"summer";"o-neck";"short";"natural";"cotton";"chiffon";"ruffles";"print";"1"
"casual";"low";4,9;"l";"summer";"boat-neck";"short";"natural";"silk";"chiffon";"applique";"patchwork";"2"
"casual";"average";4,7;"l";"spring";"o-neck";"halfsleeve";"natural";"polyster";"chiffon";"hollowout";"solid";"2"
"sexy";"low";4,6;"free";"spring";"o-neck";"full";"natural";"spandex";"jersey";"lace";"leopard";"2"
"casual";"average";4,6;"l";"autumn";"o-neck";"sleevless";"empire";"polyster";"chiffon";"ruffles";"solid";"1"
"cute";"average";4,5;"l";"winter";"v-neck";"sleevless";"natural";"polyster";"jersey";"sashes";"solid";"2"
"casual";"average";4,8;"m";"summer";"v-neck";"full";"natural";"cotton";"shiffon";"beading";"print";"1"
"casual";"average";4,4;"s";"winter";"slash-neck";"halfsleeve";"natural";"nylon";"broadcloth";"sequined";"leopard";"1"
"casual";"low";5;"m";"spring";"o-neck";"sleevless";"natural";"spandex";"jersey";"lace";"print";"1"
"sexy";"very-high";4,7;"free";"winter";"v-neck";"sleevless";"natural";"polyster";"knitting";"sashes";"solid";"1"
"sexy";"average";4,5;"m";"summer";"bowneck";"sleevless";"empire";"cotton";"chiffon";"ruffles";"solid";"1"
"party";"very-high";4,1;"m";"winter";"scoop";"short";"natural";"cotton";"lace";"applique";"solid";"2"
"casual";"average";4,7;"free";"spring";"o-neck";"short";"natural";"cotton";"poplin";"lace";"solid";"2"
"brief";"low";4,7;"m";"winter";"o-neck";"full";"natural";"cotton";"chiffon";"sashes";"patchwork";"1"
"casual";"medium";4,4;"free";"spring";"o-neck";"sleevless";"natural";"cotton";"broadcloth";"sequined";"solid";"2"
"casual";"high";5;"free";"summer";"v-neck";"sleevless";"natural";"nylon";"chiffon";"bow";"dot";"2"
"casual";"average";5;"m";"winter";"o-neck";"sleevless";"natural";"acrylic";"chiffon";"sashes";"solid";"2"
"party";"average";4,8;"m";"summer";"o-neck";"full";"natural";"cotton";"chiffon";"beading";"solid";"2"
"sexy";"low";5;"free";"spring";"v-neck";"sleevless";"empire";"cotton";"chiffon";"sashes";"print";"1"
"sexy";"average";4,8;"free";"winter";"o-neck";"sleevless";"natural";"polyster";"wollen";"embroidary";"solid";"1"
"sexy";"average";5;"m";"autumn";"o-neck";"sleevless";"empire";"milksilk";"chiffon";"ruffles";"solid";"2"
"vintage";"low";4,8;"s";"summer";"o-neck";"short";"natural";"polyster";"chiffon";"ruffles";"print";"1"
"casual";"low";4,8;"free";"winter";"boat-neck";"full";"natural";"other";"other";"lace";"solid";"1"
"casual";"average";4,4;"free";"summer";"o-neck";"capsleeves";"natural";"cotton";"chiffon";"sashes";"solid";"1"
"casual";"average";4,7;"xl";"summer";"v-neck";"halfsleeve";"natural";"lace";"broadcloth";"lace";"print";"2"
"cute";"average";5;"xl";"spring";"boat-neck";"full";"natural";"cotton";"worsted";"applique";"dot";"2"
"cute";"average";4,7;"m";"spring";"o-neck";"full";"natural";"rayon";"chiffon";"beading";"solid";"2"
"vintage";"low";4,6;"m";"summer";"o-neck";"short";"natural";"polyster";"chiffon";"lace";"print";"1"
"casual";"low";4,4;"m";"summer";"o-neck";"halfsleeve";"empire";"chiffonfabric";"chiffon";"bow";"solid";"1"
"casual";"low";4,4;"free";"summer";"v-neck";"short";"empire";"cotton";"corduroy";"lace";"solid";"1"
"party";"very-high";4,9;"l";"spring";"slash-neck";"sleevless";"empire";"cotton";"chiffon";"flowers";"print";"2"
"cute";"average";4,7;"l";"winter";"o-neck";"sleevless";"natural";"chiffonfabric";"chiffon";"lace";"solid";"1"
"sexy";"average";4,7;"free";"spring";"v-neck";"full";"natural";"cotton";"wollen";"lace";"solid";"2"
"sexy";"low";4,8;"l";"summer";"o-neck";"sleevless";"natural";"cotton";"chiffon";"lace";"solid";"2"
"casual";"average";5;"free";"winter";"o-neck";"sleevless";"natural";"polyster";"broadcloth";"lace";"solid";"2"
"sexy";"low";4,6;"l";"autumn";"o-neck";"sleevless";"natural";"acrylic";"chiffon";"lace";"solid";"2"
"casual";"average";4,4;"m";"summer";"o-neck";"short";"empire";"polyster";"chiffon";"lace";"patchwork";"1"
"casual";"low";5;"free";"spring";"bowneck";"sleevless";"natural";"silk";"chiffon";"applique";"print";"1"
"flare";"average";3;"free";"spring";"v-neck";"short";"empire";"nylon";"chiffon";"sashes";"animal";"1"
"sexy";"low";4,3;"m";"autumn";"open";"short";"natural";"lace";"chiffon";"lace";"print";"1"
"bohemian";"average";4,6;"m";"spring";"o-neck";"sleevless";"natural";"shiffon";"shiffon";"sashes";"solid";"1"
"casual";"average";5;"xl";"autumn";"o-neck";"short";"natural";"chiffonfabric";"chiffon";"cascading";"solid";"1"
"casual";"low";4,4;"m";"winter";"o-neck";"sleevless";"natural";"polyster";"chiffon";"lace";"solid";"1"
"casual";"average";4,7;"m";"spring";"o-neck";"sleevless";"natural";"cotton";"chiffon";"sashes";"solid";"1"
"sexy";"average";4,2;"m";"winter";"v-neck";"sleevless";"natural";"cotton";"flannael";"sashes";"solid";"1"
"sexy";"average";4,5;"free";"winter";"slash-neck";"sleevless";"natural";"cotton";"broadcloth";"sequined";"solid";"2"
"casual";"low";4,7;"s";"autumn";"o-neck";"sleevless";"natural";"cotton";"chiffon";"hollowout";"solid";"1"
"casual";"low";4,7;"m";"spring";"o-neck";"full";"natural";"polyster";"worsted";"applique";"solid";"2"
"sexy";"low";4,4;"free";"autumn";"v-neck";"sleevless";"natural";"cotton";"worsted";"lace";"solid";"1"
"bohemian";"average";4,7;"l";"autumn";"o-neck";"sleevless";"natural";"polyster";"chiffon";"sequined";"solid";"1"
"sexy";"low";4,8;"l";"summer";"v-neck";"full";"natural";"cotton";"jersey";"applique";"print";"2"
"cute";"low";5;"l";"winter";"o-neck";"threequarter";"natural";"silk";"chiffon";"sashes";"print";"1"
"sexy";"average";5;"m";"summer";"v-neck";"sleevless";"empire";"cotton";"chiffon";"sequined";"solid";"2"
"party";"high";4,6;"m";"summer";"slash-neck";"sleevless";"natural";"cotton";"chiffon";"beading";"dot";"2"
"cute";"average";4,7;"l";"summer";"o-neck";"sleevless";"natural";"cotton";"worsted";"button";"print";"1"
"party";"average";4,7;"m";"spring";"v-neck";"sleevless";"natural";"polyster";"chiffon";"hollowout";"solid";"1"
"sexy";"low";4,5;"l";"spring";"o-neck";"sleevless";"natural";"silk";"chiffon";"lace";"solid";"1"
"casual";"average";4,3;"s";"spring";"boat-neck";"full";"natural";"cotton";"worsted";"lace";"patchwork";"2"
"casual";"low";4,7;"free";"summer";"o-neck";"sleevless";"empire";"milksilk";"chiffon";"lace";"print";"1"
"casual";"low";4,7;"free";"spring";"o-neck";"sleevless";"empire";"cotton";"chiffon";"lace";"floral";"1"
"casual";"low";4,6;"free";"winter";"o-neck";"full";"natural";"polyster";"chiffon";"applique";"solid";"2"
"casual";"average";4,4;"l";"autumn";"o-neck";"halfsleeve";"natural";"lace";"dobby";"lace";"animal";"1"
"casual";"low";4,3;"m";"summer";"o-neck";"sleevless";"natural";"cotton";"chiffon";"sashes";"solid";"1"
"sexy";"average";5;"free";"autumn";"v-neck";"sleevless";"natural";"polyster";"chiffon";"lace";"patchwork";"1"
"casual";"low";4,8;"xl";"summer";"o-neck";"short";"empire";"mix";"chiffon";"sashes";"geometric";"1"
"casual";"low";5;"s";"spring";"o-neck";"sleevless";"natural";"chiffonfabric";"chiffon";"embroidary";"print";"1"
"sexy";"average";4,7;"m";"autumn";"slash-neck";"sleevless";"natural";"nylon";"poplin";"rivet";"solid";"1"
"casual";"low";4,7;"l";"autumn";"o-neck";"short";"natural";"polyster";"shiffon";"sashes";"patchwork";"2"
"casual";"average";4,6;"free";"winter";"v-neck";"full";"natural";"cotton";"flannel";"sequined";"striped";"1"
"sexy";"average";4,8;"s";"winter";"v-neck";"sleevless";"empire";"polyster";"chiffon";"lace";"solid";"1"
"casual";"average";4,5;"m";"winter";"o-neck";"sleevless";"natural";"polyster";"chiffon";"ruched";"striped";"1"
"casual";"average";4,8;"m";"summer";"o-neck";"halfsleeve";"natural";"cotton";"chiffon";"beading";"patchwork";"1"
"casual";"high";4,7;"l";"winter";"v-neck";"full";"natural";"polyster";"knitting";"bow";"solid";"1"
"casual";"average";4,6;"m";"autumn";"o-neck";"short";"empire";"polyster";"chiffon";"applique";"dot";"1"
"bohemian";"low";4,6;"free";"summer";"o-neck";"sleevless";"natural";"cotton";"chiffon";"none";"solid";"2"
"casual";"low";4,7;"m";"winter";"o-neck";"full";"empire";"polyster";"chiffon";"sashes";"print";"2"
"casual";"medium";4,6;"m";"winter";"o-neck";"full";"natural";"cashmere";"worsted";"beading";"solid";"2"
"casual";"low";4,7;"s";"summer";"o-neck";"full";"natural";"cotton";"jersey";"lace";"patchwork";"1"
"sexy";"low";4,7;"m";"winter";"o-neck";"threequarter";"natural";"cotton";"chiffon";"lace";"print";"2"
"casual";"low";4,7;"l";"summer";"o-neck";"petal";"natural";"microfiber";"chiffon";"ruffles";"animal";"1"
"casual";"low";4,8;"l";"summer";"v-neck";"thressqatar";"natural";"cotton";"broadcloth";"lace";"print";"1"
"party";"high";4,7;"m";"spring";"o-neck";"threequarter";"natural";"modal";"chiffon";"sashes";"print";"1"
"casual";"low";4,7;"free";"winter";"o-neck";"sleevless";"natural";"milksilk";"chiffon";"hollowout";"animal";"1"
"vintage";"average";4,7;"m";"summer";"v-neck";"short";"natural";"rayon";"chiffon";"beading";"print";"1"
"work";"average";4,8;"l";"winter";"v-neck";"short";"natural";"mix";"broadcloth";"lace";"solid";"1"
"casual";"low";4,4;"free";"winter";"halter";"sleevless";"natural";"lace";"chiffon";"draped";"print";"2"
"casual";"average";4,7;"s";"summer";"v-neck";"short";"natural";"cotton";"chiffon";"sashes";"dot";"1"
"vintage";"average";5;"m";"summer";"v-neck";"thressqatar";"natural";"polyster";"lace";"applique";"print";"1"
"casual";"average";4,5;"free";"summer";"o-neck";"short";"natural";"polyster";"broadcloth";"lace";"solid";"1"
"casual";"average";5;"xl";"winter";"boat-neck";"full";"natural";"cotton";"chiffon";"beading";"geometric";"2"
"bohemian";"medium";5;"free";"autumn";"o-neck";"full";"natural";"cotton";"broadcloth";"hollowout";"patchwork";"2"
"casual";"average";4,3;"m";"winter";"slash-neck";"sleeveless";"natural";"polyster";"worsted";"sashes";"solid";"1"
"brief";"low";4,6;"m";"summer";"o-neck";"short";"natural";"cotton";"chiffon";"lace";"animal";"1"
"cute";"low";4,7;"free";"summer";"o-neck";"sleevless";"natural";"linen";"chiffon";"ruffles";"print";"2"
"casual";"average";4,7;"m";"winter";"v-neck";"sleevless";"empire";"polyster";"chiffon";"applique";"print";"1"
"sexy";"average";4,6;"s";"summer";"v-neck";"sleevless";"empire";"cotton";"chiffon";"tiered";"solid";"2"
"casual";"average";4,8;"m";"winter";"o-neck";"threequarter";"natural";"cotton";"wollen";"lace";"print";"2"
"cute";"average";4,8;"l";"autumn";"slash-neck";"sleevless";"natural";"cotton";"chiffon";"hollowout";"solid";"1"
"sexy";"low";4,5;"free";"summer";"o-neck";"sleevless";"empire";"cotton";"worsted";"sashes";"solid";"2"
"casual";"average";4,6;"free";"winter";"v-neck";"full";"natural";"cashmere";"chiffon";"bow";"solid";"2"
"vintage";"average";4,3;"free";"winter";"o-neck";"short";"natural";"chiffonfabric";"chiffon";"sequined";"print";"1"
"casual";"low";5;"free";"winter";"o-neck";"full";"natural";"wool";"chiffon";"applique";"solid";"1"
"casual";"average";4,8;"m";"autumn";"v-neck";"short";"natural";"cashmere";"chiffon";"embroidary";"print";"2"
"party";"medium";4,8;"s";"spring";"v-neck";"sleevless";"empire";"mix";"chiffon";"lace";"solid";"2"
"sexy";"low";4,4;"free";"summer";"bowneck";"sleevless";"natural";"viscos";"chiffon";"bow";"solid";"1"
"casual";"average";4,4;"l";"autumn";"o-neck";"sleevless";"natural";"linen";"chiffon";"ruffles";"animal";"1"
"bohemian";"low";5;"free";"spring";"o-neck";"short";"natural";"nylon";"jersey";"sashes";"print";"2"
"sexy";"average";4,7;"l";"autumn";"v-neck";"sleevless";"empire";"chiffonfabric";"chiffon";"sashes";"patchwork";"1"
"vintage";"average";4,5;"l";"autumn";"o-neck";"sleevless";"empire";"polyster";"worsted";"applique";"solid";"1"
"casual";"very-high";4,6;"m";"winter";"o-neck";"short";"natural";"cotton";"chiffon";"flowers";"print";"2"
"casual";"average";4,8;"l";"winter";"o-neck";"short";"natural";"cotton";"chiffon";"pockets";"solid";"2"
"sexy";"high";5;"m";"summer";"v-neck";"sleevless";"natural";"mix";"chiffon";"bow";"striped";"1"
"casual";"medium";4;"l";"winter";"boat-neck";"full";"empire";"cotton";"broadcloth";"hollowout";"solid";"2"
"vintage";"average";4,6;"m";"spring";"o-neck";"halfsleeve";"empire";"polyster";"chiffon";"lace";"animal";"1"
"casual";"low";5;"m";"autumn";"o-neck";"sleevless";"empire";"microfiber";"chiffon";"beading";"print";"2"
"casual";"average";5;"xl";"winter";"o-neck";"short";"empire";"polyster";"chiffon";"button";"solid";"1"
"casual";"average";4,6;"l";"winter";"boat-neck";"sleevless";"empire";"silk";"broadcloth";"applique";"print";"2"
"cute";"low";4,5;"l";"summer";"o-neck";"sleevless";"natural";"cotton";"chiffon";"sashes";"solid";"2"
"casual";"average";4,8;"free";"winter";"o-neck";"sleevless";"empire";"polyster";"chiffon";"sashes";"solid";"1"
"casual";"low";4,5;"l";"winter";"v-neck";"full";"natural";"silk";"broadcloth";"applique";"solid";"1"
"cute";"low";4,6;"free";"spring";"v-neck";"sleevless";"empire";"chiffonfabric";"chiffon";"applique";"solid";"2"
"casual";"medium";4,9;"l";"winter";"o-neck";"short";"natural";"cotton";"broadcloth";"sashes";"solid";"1"
"casual";"average";4,1;"m";"autumn";"v-neck";"full";"natural";"cotton";"chiffon";"sashes";"solid";"2"
"casual";"average";4,7;"m";"summer";"o-neck";"sleevless";"natural";"cotton";"chiffon";"applique";"dot";"1"
"casual";"medium";4,7;"m";"spring";"v-neck";"threequarter";"natural";"silk";"chiffon";"ruffles";"solid";"2"
"sexy";"low";4,7;"free";"winter";"o-neck";"sleevless";"natural";"lycra";"chiffon";"hollowout";"solid";"1"
"sexy";"low";4,8;"free";"summer";"v-neck";"sleevless";"dropped";"polyster";"chiffon";"lace";"patchwork";"2"
"vintage";"average";5;"s";"spring";"o-neck";"full";"natural";"mix";"chiffon";"embroidary";"print";"1"
"cute";"average";4,3;"m";"summer";"v-neck";"sleevless";"natural";"cotton";"chiffon";"lace";"solid";"1"
"casual";"low";4,7;"free";"spring";"v-neck";"threequarter";"natural";"silk";"chiffon";"lace";"print";"2"
"party";"very-high";4,7;"l";"winter";"slash-neck";"sleevless";"empire";"viscos";"chiffon";"beading";"solid";"2"
"casual";"average";4,6;"free";"summer";"o-neck";"sleevless";"natural";"cotton";"chiffon";"lace";"floral";"1"
"sexy";"low";4,7;"free";"summer";"v-neck";"sleevless";"natural";"cotton";"worsted";"lace";"solid";"1"
"party";"very-high";5;"m";"winter";"sweetheart";"sleevless";"natural";"polyster";"chiffon";"beading";"solid";"2"
"casual";"low";4,8;"free";"spring";"o-neck";"sleevless";"natural";"chiffonfabric";"chiffon";"sequined";"print";"2"
"cute";"high";4,3;"m";"spring";"boat-neck";"full";"natural";"polyster";"terry";"lace";"solid";"2"
"cute";"medium";5;"free";"winter";"o-neck";"sleevless";"natural";"silk";"worsted";"lace";"solid";"2"
"casual";"average";5;"m";"spring";"o-neck";"thressqatar";"natural";"spandex";"chiffon";"ruffles";"print";"1"
"novelty";"average";4,9;"s";"winter";"turndowncollor";"full";"natural";"cotton";"chiffon";"bow";"patchwork";"1"
"brief";"average";4,9;"free";"winter";"o-neck";"sleevless";"natural";"polyster";"chiffon";"lace";"solid";"1"
"sexy";"average";4,8;"s";"autumn";"v-neck";"sleevless";"empire";"cotton";"chiffon";"beading";"solid";"1"
"party";"high";4,8;"m";"summer";"sweetheart";"sleevless";"princess";"cotton";"sattin";"sashes";"print";"2"
"cute";"average";4,6;"free";"spring";"v-neck";"full";"natural";"cotton";"chiffon";"sashes";"solid";"2"
"casual";"low";4,6;"free";"autumn";"o-neck";"full";"natural";"cotton";"jersey";"applique";"solid";"2"
"casual";"average";4,7;"free";"spring";"o-neck";"sleevless";"natural";"cotton";"chiffon";"applique";"solid";"1"
"casual";"average";4,9;"l";"winter";"open";"short";"natural";"mix";"poplin";"applique";"solid";"2"
"party";"average";5;"m";"winter";"o-neck";"capsleeves";"empire";"polyster";"broadcloth";"lace";"solid";"2"
"casual";"average";4,5;"m";"spring";"v-neck";"short";"empire";"cotton";"chiffon";"button";"solid";"2"
"casual";"average";3,5;"m";"winter";"v-neck";"short";"natural";"polyster";"chiffon";"applique";"solid";"1"
"party";"very-high";4,8;"m";"winter";"v-neck";"cap-sleeves";"natural";"cashmere";"chiffon";"lace";"solid";"1"
"casual";"average";4,7;"l";"summer";"o-neck";"sleevless";"natural";"silk";"chiffon";"beading";"solid";"1"
"casual";"medium";4,7;"m";"spring";"o-neck";"sleevless";"natural";"cotton";"knitting";"bow";"solid";"2"
"casual";"average";4;"free";"winter";"o-neck";"short";"natural";"polyster";"chiffon";"cascading";"solid";"1"
"party";"average";4,7;"m";"spring";"o-neck";"sleevless";"natural";"cotton";"chiffon";"lace";"solid";"2"
"sexy";"average";4,6;"s";"autumn";"slash-neck";"short";"natural";"cashmere";"chiffon";"lace";"solid";"1"
"casual";"low";4,8;"free";"spring";"o-neck";"sleevless";"natural";"cotton";"chiffon";"beading";"print";"1"
"casual";"average";4,7;"l";"spring";"o-neck";"sleevless";"natural";"chiffonfabric";"chiffon";"sequined";"solid";"1"
"bohemian";"low";4,6;"free";"summer";"v-neck";"sleevless";"natural";"cotton";"broadcloth";"beading";"solid";"1"
"brief";"average";4,7;"m";"winter";"o-neck";"halfsleeve";"natural";"acrylic";"chiffon";"ruffles";"striped";"1"
"casual";"low";4,4;"free";"spring";"o-neck";"sleevless";"natural";"polyster";"broadcloth";"sashes";"print";"1"
"vintage";"medium";4,7;"free";"spring";"turndowncollor";"sleevless";"natural";"mix";"chiffon";"lace";"solid";"2"
"vintage";"average";4,8;"m";"summer";"v-neck";"full";"natural";"rayon";"poplin";"ruffles";"print";"2"
"casual";"average";4,7;"m";"autumn";"o-neck";"sleevless";"natural";"cotton";"broadcloth";"sequined";"animal";"2"
"party";"very-high";4,8;"l";"spring";"sweetheart";"sleevless";"empire";"microfiber";"organza";"beading";"patchwork";"2"
"cute";"average";4,4;"m";"summer";"o-neck";"short";"natural";"cotton";"chiffon";"sashes";"print";"1"
"sexy";"low";4,3;"free";"winter";"v-neck";"sleevless";"natural";"silk";"worsted";"lace";"solid";"2"
"sexy";"low";4,8;"m";"autumn";"v-neck";"full";"natural";"cotton";"sattin";"beading";"print";"2"
"casual";"low";4,7;"free";"summer";"o-neck";"full";"natural";"cotton";"shiffon";"sequined";"solid";"2"
"casual";"average";4,7;"m";"summer";"v-neck";"full";"empire";"cotton";"chiffon";"lace";"solid";"2"
"casual";"low";4,7;"free";"summer";"o-neck";"capsleeves";"natural";"chiffonfabric";"chiffon";"lace";"print";"2"
"sexy";"average";5;"l";"winter";"o-neck";"threequarter";"natural";"polyster";"satin";"lace";"geometric";"1"
"casual";"average";4,4;"free";"winter";"o-neck";"halfsleeve";"empire";"polyster";"chiffon";"hollowout";"solid";"1"
"sexy";"low";4,8;"m";"spring";"o-neck";"halfsleeve";"natural";"silk";"shiffon";"applique";"solid";"1"
"casual";"average";4,5;"free";"summer";"o-neck";"short";"natural";"cotton";"chiffon";"applique";"solid";"2"
"bohemian";"average";4,5;"l";"winter";"turndowncollor";"full";"natural";"mix";"shiffon";"pockets";"solid";"1"
"casual";"average";4,3;"m";"spring";"o-neck";"halfsleeve";"empire";"microfiber";"chiffon";"beading";"print";"2"
"bohemian";"very-high";4,7;"free";"winter";"v-neck";"sleevless";"natural";"polyster";"chiffon";"lace";"solid";"2"
"casual";"average";4,7;"l";"spring";"boat-neck";"sleevless";"natural";"cotton";"knitting";"lace";"solid";"2"
"casual";"average";4,8;"m";"winter";"o-neck";"short";"natural";"lycra";"broadcloth";"applique";"patchwork";"1"
"casual";"average";4,5;"l";"winter";"o-neck";"short";"natural";"cotton";"chiffon";"bow";"patchwork";"1"
"casual";"low";4,3;"free";"spring";"o-neck";"full";"empire";"cotton";"chiffon";"sashes";"none";"2"
"casual";"average";4,7;"m";"summer";"o-neck";"threequarter";"natural";"nylon";"broadcloth";"sashes";"solid";"2"
"casual";"low";4,4;"free";"summer";"o-neck";"sleevless";"natural";"polyster";"broadcloth";"sashes";"print";"1"
"work";"average";4,9;"s";"autumn";"o-neck";"sleevless";"natural";"linen";"chiffon";"applique";"patchwork";"1"
"party";"medium";4,6;"s";"winter";"scoop";"short";"empire";"lycra";"chiffon";"crystal";"solid";"1"
"party";"average";4,3;"m";"summer";"o-neck";"full";"natural";"cotton";"chiffon";"sashes";"patchwork";"2"
"bohemian";"low";5;"free";"summer";"o-neck";"sleevless";"empire";"cotton";"broadcloth";"tassel";"print";"2"
"vintage";"average";4,6;"l";"summer";"sqare-collor";"short";"empire";"cotton";"chiffon";"lace";"dot";"2"
"sexy";"average";4,1;"free";"summer";"v-neck";"sleevless";"natural";"cotton";"chiffon";"lace";"solid";"2"
"casual";"average";4,7;"l";"autumn";"o-neck";"halfsleeve";"natural";"cotton";"chiffon";"lace";"solid";"1"
"sexy";"low";4,6;"m";"spring";"v-neck";"short";"natural";"polyster";"satin";"ruffles";"solid";"2"
"casual";"average";5;"l";"winter";"o-neck";"thressqatar";"natural";"polyster";"jersey";"applique";"solid";"1"
"ol";"medium";4,4;"m";"winter";"mandarin-collor";"halfsleeve";"natural";"cotton";"chiffon";"sashes";"solid";"1"
"casual";"average";4,2;"m";"winter";"v-neck";"full";"empire";"polyster";"chiffon";"lace";"patchwork";"2"
"casual";"average";4,5;"m";"winter";"v-neck";"sleevless";"natural";"chiffonfabric";"chiffon";"button";"striped";"1"
"casual";"average";4,8;"l";"autumn";"boat-neck";"sleevless";"natural";"polyster";"chiffon";"sashes";"solid";"1"
"work";"average";4,8;"m";"winter";"turndowncollor";"full";"natural";"cotton";"chiffon";"sashes";"solid";"1"
"bohemian";"low";4,5;"m";"summer";"v-neck";"sleevless";"natural";"polyster";"chiffon";"none";"print";"2"
"bohemian";"low";5;"xl";"spring";"v-neck";"thressqatar";"natural";"polyster";"shiffon";"applique";"print";"2"
"sexy";"low";4,6;"free";"summer";"v-neck";"sleevless";"natural";"cotton";"broadcloth";"beading";"solid";"1"
"casual";"average";4,4;"m";"summer";"turndowncollor";"sleevless";"natural";"chiffonfabric";"chiffon";"sashes";"solid";"1"
"casual";"high";4,9;"s";"spring";"o-neck";"threequarter";"natural";"polyster";"shiffon";"sashes";"dot";"2"
"bohemian";"low";4,8;"free";"summer";"o-neck";"short";"natural";"mix";"worsted";"sequined";"animal";"2"
"sexy";"medium";5;"m";"winter";"o-neck";"sleevless";"empire";"polyster";"chiffon";"bow";"solid";"1"
"novelty";"medium";4,2;"m";"winter";"o-neck";"halfsleeve";"natural";"polyster";"chiffon";"hollowout";"animal";"2"
"casual";"average";4,5;"free";"autumn";"o-neck";"halfsleeve";"natural";"cotton";"chiffon";"hollowout";"solid";"2"
"sexy";"low";4,7;"m";"winter";"v-neck";"sleevless";"natural";"polyster";"chiffon";"lace";"striped";"1"
"casual";"very-high";4,6;"small";"spring";"o-neck";"full";"natural";"cotton";"chiffon";"applique";"solid";"1"
"casual";"low";5;"free";"spring";"slash-neck";"sleevless";"empire";"spandex";"chiffon";"sashes";"striped";"2"
"casual";"average";4,6;"m";"spring";"o-neck";"sleevless";"natural";"nylon";"chiffon";"sashes";"solid";"2"
"cute";"low";4,7;"m";"spring";"o-neck";"short";"empire";"polyster";"chiffon";"ruffles";"dot";"2"
"sexy";"low";5;"free";"spring";"o-neck";"full";"natural";"cotton";"worsted";"bow";"striped";"1"
"casual";"average";4,7;"l";"summer";"v-neck";"short";"natural";"cotton";"knitting";"sashes";"print";"2"
"sexy";"low";5;"free";"summer";"v-neck";"sleevless";"empire";"cotton";"chiffon";"sequined";"animal";"2"
"work";"average";4,6;"m";"spring";"v-neck";"full";"natural";"lace";"chiffon";"lace";"print";"1"
"casual";"average";5;"m";"winter";"o-neck";"full";"natural";"cotton";"jersey";"feathers";"solid";"2"
"brief";"average";4,6;"m";"winter";"peterpan-collor";"threequarter";"natural";"cotton";"chiffon";"lace";"patchwork";"1"
"casual";"low";4,7;"free";"winter";"o-neck";"sleevless";"natural";"acrylic";"chiffon";"ruffles";"striped";"2"
"casual";"low";4,7;"l";"autumn";"o-neck";"full";"empire";"cotton";"chiffon";"lace";"print";"1"
"party";"average";5;"m";"spring";"o-neck";"sleevless";"natural";"cotton";"worsted";"applique";"dot";"2"
"casual";"average";4,6;"free";"winter";"v-neck";"full";"natural";"cotton";"chiffon";"ruffles";"print";"1"
"brief";"average";4,6;"l";"spring";"o-neck";"full";"natural";"silk";"chiffon";"embroidary";"print";"2"
"party";"average";4,7;"free";"spring";"sweetheart";"sleevless";"empire";"rayon";"chiffon";"beading";"solid";"2"
"party";"average";4,7;"m";"spring";"o-neck";"halfsleeve";"empire";"cotton";"shiffon";"sequined";"patchwork";"1"
"work";"low";4,7;"free";"summer";"o-neck";"full";"empire";"cotton";"broadcloth";"hollowout";"solid";"1"
"casual";"average";5;"free";"autumn";"v-neck";"full";"natural";"cotton";"broadcloth";"lace";"solid";"1"
"party";"very-high";4,2;"l";"winter";"v-neck";"sleevless";"empire";"cotton";"chiffon";"lace";"solid";"2"
"casual";"average";4,5;"l";"spring";"o-neck";"short";"natural";"cotton";"chiffon";"applique";"patchwork";"1"
"work";"average";5;"free";"winter";"o-neck";"half";"natural";"microfiber";"worsted";"sashes";"solid";"1"
"cute";"average";4,7;"l";"spring";"o-neck";"short";"natural";"cotton";"broadcloth";"sashes";"solid";"2"
"cute";"low";4,7;"m";"spring";"ruffled";"short";"empire";"chiffonfabric";"chiffon";"bow";"dot";"2"
"novelty";"average";4,9;"m";"autumn";"o-neck";"short";"natural";"polyster";"chiffon";"none";"print";"1"
"bohemian";"average";4,6;"free";"spring";"o-neck";"sleevless";"natural";"rayon";"chiffon";"lace";"striped";"2"
"party";"medium";4,8;"free";"winter";"v-neck";"short";"empire";"cotton";"chiffon";"lace";"dot";"2"
"party";"very-high";4,9;"m";"spring";"v-neck";"sleevless";"empire";"cotton";"sattin";"beading";"solid";"2"
"casual";"average";4,7;"m";"autumn";"v-neck";"sleevless";"natural";"polyster";"chiffon";"rivet";"striped";"2"
"casual";"low";4,8;"free";"winter";"bowneck";"full";"natural";"polyster";"chiffon";"bow";"solid";"1"
"brief";"average";4,8;"free";"winter";"v-neck";"halfsleeve";"natural";"polyster";"broadcloth";"sashes";"solid";"1"
"sexy";"low";4,5;"free";"autumn";"slash-neck";"short";"empire";"cotton";"chiffon";"hollowout";"solid";"1"
"sexy";"average";5;"m";"autumn";"o-neck";"sleevless";"empire";"cotton";"broadcloth";"lace";"print";"1"
"party";"very-high";4,9;"m";"spring";"sweetheart";"sleeevless";"empire";"chiffonfabric";"chiffon";"beading";"solid";"2"
"casual";"average";4,6;"free";"summer";"v-neck";"sleevless";"natural";"cotton";"chiffon";"sashes";"patchwork";"1"
"cute";"low";4,3;"free";"autumn";"o-neck";"sleevless";"natural";"polyster";"chiffon";"sashes";"striped";"1"
"casual";"low";4,7;"l";"summer";"o-neck";"sleevless";"natural";"cotton";"jersey";"beading";"print";"1"
"casual";"average";4,5;"l";"spring";"boat-neck";"thressqatar";"natural";"silk";"dobby";"lace";"animal";"2"
"casual";"average";4,7;"xl";"winter";"v-neck";"short";"empire";"milksilk";"worsted";"applique";"print";"1"
"casual";"average";3,7;"free";"autumn";"boat-neck";"full";"empire";"cotton";"chiffon";"lace";"solid";"2"
"casual";"medium";4,7;"m";"autumn";"v-neck";"short";"empire";"polyster";"chiffon";"lace";"solid";"1"
"party";"high";4,6;"m";"winter";"sweetheart";"sleevless";"natural";"cotton";"chiffon";"beading";"animal";"1"
"cute";"average";5;"m";"winter";"o-neck";"short";"natural";"polyster";"chiffon";"sashes";"solid";"1"
"sexy";"low";4,3;"free";"summer";"o-neck";"full";"empire";"cotton";"chiffon";"bow";"dot";"1"
"vintage";"average";4,6;"free";"winter";"o-neck";"full";"natural";"silk";"chiffon";"embroidary";"print";"2"
"party";"very-high";5;"m";"spring";"slash-neck";"sleevless";"natural";"chiffonfabric";"chiffon";"flowers";"solid";"2"
"brief";"average";4,3;"m";"spring";"o-neck";"full";"natural";"mix";"worsted";"sequined";"patchwork";"2"
"brief";"average";4,9;"free";"summer";"slash-neck";"sleevless";"natural";"polyster";"chiffon";"sashes";"solid";"1"
"casual";"average";4,5;"free";"summer";"bowneck";"halfsleeve";"natural";"cotton";"chiffon";"none";"print";"1"
"casual";"average";5;"free";"summer";"v-neck";"sleevless";"natural";"modal";"chiffon";"sashes";"patchwork";"1"
"bohemian";"low";4,6;"free";"winter";"o-neck";"sleevless";"empire";"polyster";"chiffon";"lace";"patchwork";"2"
"casual";"average";5;"l";"summer";"o-neck";"sleevless";"natural";"cotton";"chiffon";"lace";"floral";"2"
"casual";"average";4,8;"m";"spring";"o-neck";"halfsleeve";"natural";"polyster";"chiffon";"lace";"patchwork";"1"
"casual";"low";4,5;"free";"winter";"o-neck";"full";"natural";"mix";"worsted";"applique";"solid";"1"
"casual";"average";4,5;"xl";"spring";"bowneck";"sleevless";"natural";"mix";"chiffon";"lace";"solid";"1"
"party";"medium";4,8;"m";"spring";"o-neck";"sleevless";"natural";"silk";"chiffon";"crystal";"solid";"2"
"casual";"average";3;"m";"spring";"turndowncollor";"short";"empire";"polyster";"chiffon";"sashes";"patchwork";"1"
"sexy";"low";4,4;"free";"autumn";"o-neck";"full";"empire";"cotton";"flannel";"sequined";"leopard";"1"
"casual";"low";4,5;"free";"summer";"o-neck";"full";"natural";"cotton";"chiffon";"button";"patchwork";"1"
"party";"very-high";4,7;"m";"winter";"o-neck";"full";"natural";"polyster";"chiffon";"feathers";"striped";"2"
"cute";"low";4,7;"free";"summer";"peterpan-collor";"short";"empire";"cotton";"broadcloth";"applique";"print";"1"
"party";"average";5;"m";"spring";"o-neck";"halfsleeve";"natural";"cotton";"worsted";"sashes";"solid";"2"
"casual";"average";4,6;"m";"spring";"o-neck";"halfsleeve";"natural";"polyster";"chiffon";"lace";"solid";"1"
"cute";"average";4,6;"l";"summer";"o-neck";"sleevless";"empire";"cotton";"chiffon";"lace";"solid";"2"
"casual";"average";4,7;"l";"spring";"v-neck";"halfsleeve";"natural";"rayon";"broadcloth";"beading";"print";"2"
"casual";"low";4,5;"m";"winter";"o-neck";"short";"natural";"chiffonfabric";"chiffon";"ruffles";"solid";"1"
"casual";"average";4,8;"m";"summer";"o-neck";"halfsleeve";"natural";"cotton";"chiffon";"ruffles";"dot";"2"
"casual";"low";4,7;"l";"spring";"o-neck";"short";"natural";"chiffonfabric";"chiffon";"sequined";"animal";"1"
"sexy";"average";4,7;"m";"spring";"o-neck";"sleevless";"natural";"polyster";"chiffon";"ruched";"solid";"2"
